Player,Years,Teams,GP,Goal,Shots,Sh%,TOI,Cap,Star
Aaron Volpatti,5,2,114,5,63,0.07936507937,904,0,0
Adam Cracknell,5,2,82,6,81,0.07407407407,725,575000,0
Adam Henrique,5,1,269,68,475,0.1431578947,4847,4000000,0
Adam Lowry,1,1,80,11,104,0.1057692308,1100,828333,0
Aleksander Barkov,2,1,125,24,210,0.1142857143,2165,925000,1
Ales Hemsky,10,3,618,139,1323,0.1050642479,10479,4000000,1
Alex Chiasson,3,2,162,30,262,0.1145038168,2310,1200000,0
Alex Galchenyuk,3,1,193,42,352,0.1193181818,2841,2800000,0
Alex Killorn,3,1,191,39,385,0.1012987013,3217,2550000,0
Alex Ovechkin,10,1,760,475,3830,0.1240208877,16268,9538461,1
Alex Steen,10,2,679,180,1789,0.1006148686,12262,5800000,0
Alex Tanguay,11,5,639,167,896,0.1863839286,11549,3500000,0
Alexander Semin,10,3,583,228,1761,0.129471891,10662,1100000,0
Alexander Wennberg,1,1,68,4,85,0.04705882353,1062,925000,0
Alexandre Bolduc,7,2,65,2,63,0.03174603175,532,0,0
Alexandre Burrows,10,1,688,175,1368,0.1279239766,11008,4500000,0
Anders Lee,3,1,100,35,267,0.1310861423,1456,3750000,0
Andre Burakovsky,1,1,53,9,65,0.1384615385,685,894166,0
Andrej Nestrasil,1,3,54,7,82,0.08536585366,721,912500,0
Andrew Agozzino,1,1,1,0,1,0,10,600000,0
Andrew Cogliano,8,2,622,120,968,0.1239669421,9281,3000000,0
Andrew Copp,1,1,1,0,4,0,13,925000,0
Andrew Desjardins,5,2,285,15,297,0.05050505051,2918,800000,0
Andrew Ladd,10,4,691,185,1620,0.1141975309,11499,2816000,1
Andrew Miller,1,1,9,1,14,0.07142857143,124,630000,0
Andrew Shaw,4,1,244,56,433,0.129330254,3721,2000000,0
Andy Andreoff,1,1,18,2,14,0.1428571429,154,587500,0
Anthony Duclair,1,2,18,1,18,0.05555555556,219,772500,0
Anthony Peluso,3,1,107,3,51,0.05882352941,619,675000,0
Antoine Roussel,3,1,200,34,272,0.125,2609,2000000,0
Antoine Vermette,10,4,777,187,1471,0.1271244052,13635,3750000,0
Anton Lander,4,1,132,8,144,0.05555555556,1653,987500,0
Anze Kopitar,9,1,683,218,1782,0.1223344557,14215,6800000,1
Artem Anisimov,7,2,412,86,765,0.1124183007,6383,3283333,0
B.J. Crombeen,8,4,445,34,569,0.05975395431,4989,0,0
Barclay Goodrow,1,1,60,4,68,0.05882352941,664,626666,0
Beau Bennett,3,1,96,10,138,0.07246376812,1223,800000,0
Ben Smith,5,3,175,25,207,0.1207729469,2228,1500000,0
Ben Street,3,2,22,0,34,0,255,650000,0
Benoit Pouliot,9,6,429,95,698,0.1361031519,5680,4000000,0
Blair Jones,9,4,132,7,147,0.04761904762,1283,575000,0
Blake Comeau,9,5,483,88,900,0.09777777778,7187,2400000,0
Blake Wheeler,7,3,533,147,1294,0.1136012365,9233,5600000,1
Bo Horvat,1,1,68,13,93,0.1397849462,834,894166,0
Bobby Farnham,1,1,11,0,6,0,79,575000,0
Bobby Robins,1,1,3,0,0,0,23,0,0
Bobby Ryan,8,2,526,188,1455,0.129209622,9212,7250000,1
Boone Jenner,2,1,103,25,210,0.119047619,1580,778333,0
Borna Rendulic,1,1,11,1,6,0.1666666667,103,622500,0
Boyd Gordon,10,3,587,52,720,0.07222222222,8387,3000000,0
Brad Boyes,10,6,761,203,1711,0.1186440678,12728,700000,0
Brad Malone,4,2,119,11,97,0.1134020619,1081,650000,0
Brad Marchand,6,1,377,116,768,0.1510416667,6027,4500000,1
Brad Richards,10,6,732,204,2336,0.08732876712,15148,3000000,1
Brad Richardson,10,4,509,62,776,0.07989690722,6546,2083333,0
Brandon Bollig,4,2,187,8,226,0.03539823009,1682,1250000,0
Brandon DeFazio,1,1,2,0,2,0,12,575000,0
Brandon Dubinsky,9,2,545,112,1200,0.09333333333,9571,5850000,0
Brandon McMillan,5,3,171,14,191,0.07329842932,2060,0,0
Brandon Pirri,5,2,105,35,231,0.1515151515,1455,925000,0
Brandon Prust,9,5,451,39,389,0.1002570694,5214,2500000,0
Brandon Saad,4,2,208,52,463,0.1123110151,3471,6000000,1
Brandon Sutter,7,3,495,98,947,0.1034846885,7892,3300000,0
Brayden Schenn,6,2,274,58,521,0.1113243762,4288,2500000,0
Brendan Gallagher,3,1,207,58,582,0.09965635739,3263,3750000,1
Brendan Ranford,1,1,1,0,0,0,9,610000,0
Brendan Shinnimin,1,2,12,0,10,0,132,600000,0
Brian Boyle,8,3,473,67,844,0.07938388626,6184,2000000,0
Brian Ferlin,1,1,7,0,6,0,62,875000,0
Brian Flynn,3,2,168,17,233,0.07296137339,2460,950000,0
Brian Gibbons,2,3,66,5,50,0.1,836,600000,0
Brian Gionta,10,3,679,225,2049,0.1098096633,12703,4250000,0
Brian McGrattan,10,4,317,10,207,0.04830917874,1555,600000,0
Brock Nelson,2,1,154,34,322,0.1055900621,2329,2500000,0
Brody Sutter,1,1,4,0,0,0,30,600000,0
Brooks Laich,10,2,678,132,1355,0.09741697417,10836,4500000,0
Bryan Bickell,9,1,359,65,535,0.1214953271,4418,4000000,0
Bryan Lerg,1,1,2,1,8,0.125,25,600000,0
Bryan Little,8,2,556,146,1135,0.1286343612,10213,4700000,0
Bryan Rust,1,1,14,1,34,0.02941176471,168,652500,0
Cal Clutterbuck,8,2,495,81,1007,0.08043694141,7089,2750000,0
Calle Jarnkrok,2,1,86,9,108,0.08333333333,1120,735000,0
Cam Atkinson,4,1,219,59,585,0.1008547009,3533,3500000,0
Carl Hagelin,4,3,266,58,592,0.09797297297,4160,4000000,0
Carl Klingberg,5,1,12,1,10,0.1,77,0,0
Carl Soderberg,3,2,161,29,298,0.09731543624,2507,4750000,0
Carter Ashton,4,1,54,0,49,0,401,0,0
Casey Bailey,1,1,6,1,9,0.1111111111,54,912500,0
Casey Cizikas,4,1,210,21,226,0.09292035398,2590,1000000,0
Cedric Paquette,2,1,66,12,92,0.1304347826,900,633333,0
Charlie Coyle,3,1,189,31,305,0.1016393443,2946,3200000,0
Chris Brown,3,2,22,2,18,0.1111111111,174,575000,0
Chris Conner,9,5,180,22,226,0.09734513274,2053,575000,0
Chris Higgins,10,5,676,162,1653,0.09800362976,11415,2500000,0
Chris Kelly,10,2,736,116,1053,0.1101614435,11017,3000000,0
Chris Kreider,3,1,169,40,335,0.1194029851,2528,2475000,1
Chris Kunitz,10,3,712,224,1698,0.1319199058,12287,3850000,0
Chris Mueller,5,4,53,3,51,0.05882352941,516,600000,0
Chris Neil,10,1,671,82,943,0.08695652174,8263,1900000,0
Chris Porter,7,2,173,11,217,0.05069124424,1812,575000,0
Chris Stewart,7,5,463,129,1009,0.1278493558,7150,1700000,0
Chris Terry,3,1,70,12,85,0.1411764706,875,875000,0
Chris Thorburn,10,4,604,43,550,0.07818181818,5796,1200000,0
Chris Tierney,1,1,43,6,48,0.125,527,711666,0
Chris VandeVelde,5,2,118,10,102,0.09803921569,1318,712500,0
Chris Wagner,1,1,9,0,7,0,79,600000,0
Christian Thomas,3,2,21,1,29,0.03448275862,191,600000,0
Clarke MacArthur,9,4,544,133,967,0.1375387797,8483,4650000,0
Claude Giroux,8,1,496,144,1264,0.1139240506,9626,8275000,1
Cody Eakin,4,2,237,46,401,0.114713217,3747,1900000,0
Cody Hodgson,5,3,289,61,586,0.1040955631,4400,1050000,0
Cody McCormick,10,3,361,19,370,0.05135135135,3455,1500000,0
Cody McLeod,8,1,549,57,679,0.08394698085,5880,1333333,0
Colin Fraser,9,4,359,20,316,0.06329113924,3571,0,0
Colin Greening,5,1,255,38,468,0.0811965812,3632,2650000,0
Colin McDonald,6,4,140,18,216,0.08333333333,1623,625000,0
Colin Smith,1,1,1,0,1,0,6,628333,0
Colin Wilson,6,1,368,77,583,0.1320754717,5613,3937500,0
Colton Orr,10,4,476,12,173,0.06936416185,2889,0,0
Colton Sceviour,5,1,99,17,182,0.09340659341,1300,650000,0
Corey Perry,10,1,722,296,2213,0.1337550836,13275,8625000,1
Corey Tropp,4,3,148,6,89,0.06741573034,1351,625000,0
Cory Conacher,3,4,141,19,190,0.1,1881,0,0
Craig Adams,10,3,713,41,669,0.06128550075,7901,0,0
Craig Cunningham,2,2,53,3,58,0.05172413793,553,700000,0
Craig Smith,4,1,277,65,721,0.09015256588,4219,4250000,0
Curtis Glencross,9,5,507,134,917,0.1461286805,7926,0,0
Curtis Hamilton,1,1,1,0,0,0,8,0,0
Curtis Lazar,1,1,67,6,92,0.0652173913,864,894166,0
Curtis McKenzie,1,1,36,4,41,0.09756097561,415,675000,0
Dainius Zubrus,11,3,704,134,1122,0.11942959,12146,600000,0
Dale Weise,5,4,258,23,224,0.1026785714,2477,717500,0
Dan Cleary,10,1,609,124,1286,0.09642301711,9354,950000,0
Dana Tyrell,5,2,135,7,120,0.05833333333,1516,0,0
Daniel Briere,10,4,619,202,1504,0.1343085106,10410,0,0
Daniel Paille,10,3,570,85,711,0.1195499297,6918,575000,0
Daniel Sedin,10,1,746,266,2280,0.1166666667,13917,7000000,1
Daniel Winnik,8,6,569,58,929,0.06243272336,8747,2250000,0
Daniil Tarasov,1,1,5,0,5,0,38,0,0
Dany Heatley,10,4,679,292,2028,0.1439842209,13465,0,1
Darren Helm,8,1,366,59,746,0.07908847185,5250,2125000,0
Dave Bolland,9,3,408,84,596,0.1409395973,6658,5500000,0
Dave Moss,9,2,501,78,995,0.0783919598,6822,0,0
David Backes,9,1,648,185,1482,0.124831309,11746,4500000,1
David Booth,9,3,502,120,1345,0.08921933086,7602,0,0
David Clarkson,9,3,547,112,1230,0.09105691057,7764,5250000,0
David Desharnais,6,1,339,64,407,0.1572481572,5657,3500000,0
David Jones,8,3,387,93,692,0.1343930636,5981,4000000,0
David Krejci,9,1,551,117,1011,0.115727003,9807,7250000,1
David Legwand,11,4,695,151,1317,0.1146545178,12351,3000000,0
David Pastrnak,1,1,46,10,93,0.1075268817,643,925000,0
David Perron,8,3,499,129,1038,0.1242774566,8266,3812500,0
David Wolf,1,1,3,0,1,0,28,0,0
Dennis Everberg,1,1,55,3,62,0.04838709677,649,612500,0
Derek Dorsett,7,3,410,38,559,0.06797853309,5050,2650000,0
Derek MacKenzie,10,3,376,36,360,0.1,4029,1300000,0
Derek Roy,10,6,689,180,1512,0.119047619,12663,0,0
Derek Stepan,5,1,362,89,797,0.1116687578,6623,6500000,1
Derick Brassard,8,2,483,100,920,0.1086956522,7700,5000000,0
Devante Smith-Pelly,4,2,149,15,198,0.07575757576,1950,800000,0
Devin Setoguchi,8,4,471,127,1127,0.1126885537,7288,0,0
Dmitrij Jaskin,3,1,74,14,128,0.109375,933,775000,0
Dominic Moore,10,9,680,83,1124,0.07384341637,9603,1500000,0
Dominik Uher,1,1,2,0,0,0,13,575000,0
Drayson Bowman,6,2,179,15,263,0.05703422053,2006,0,0
Drew Miller,8,3,488,56,663,0.08446455505,6338,1350000,0
Drew Shore,3,2,78,9,132,0.06818181818,1085,850500,0
Drew Stafford,9,2,589,154,1392,0.1106321839,9446,4350000,0
Dustin Brown,10,1,771,206,2081,0.09899086977,14078,5875000,0
Dwight King,5,1,238,37,343,0.1078717201,3389,1950000,0
Elias Lindholm,2,1,139,26,240,0.1083333333,2173,925000,0
Emerson Etem,3,2,112,15,169,0.08875739645,1358,850500,0
Emile Poirier,1,1,6,0,2,0,48,863333,0
Eriah Hayes,2,1,19,1,27,0.03703703704,158,0,0
Eric Boulton,10,4,476,26,355,0.07323943662,3340,575000,0
Eric Fehr,10,3,454,89,879,0.1012514221,5711,2000000,0
Eric Nystrom,10,4,547,68,630,0.1079365079,7077,2500000,0
Eric O'Dell,2,2,41,3,23,0.1304347826,373,700000,0
Eric Staal,10,2,765,301,2710,0.1110701107,15817,4125000,1
Eric Tangradi,6,4,143,5,146,0.03424657534,1339,575000,0
Erik Condra,5,2,299,33,452,0.07300884956,4060,1250000,0
Erik Haula,2,1,118,13,148,0.08783783784,1342,1000000,0
Evander Kane,6,3,361,109,1214,0.08978583196,6499,5250000,1
Evgeni Malkin,9,1,587,268,2095,0.1279236277,12038,9500000,1
Evgeny Kuznetsov,2,1,97,14,149,0.09395973154,1295,3000000,1
Filip Forsberg,3,1,100,27,271,0.09963099631,1646,894166,1
Frans Nielsen,9,1,525,99,976,0.1014344262,8818,2750000,0
Freddie Hamilton,2,3,29,1,24,0.04166666667,250,687500,0
Gabriel Bourque,4,1,220,30,293,0.1023890785,2941,866250,0
Gabriel Dumont,4,1,18,1,26,0.03846153846,164,575000,0
Gabriel Landeskog,4,1,281,80,815,0.0981595092,5252,5571428,1
Garrett Wilson,2,1,5,0,9,0,49,675000,0
Greg McKegg,2,1,4,0,2,0,32,700000,0
Gregory Campbell,10,2,719,68,866,0.07852193995,9168,1500000,0
Gustav Nyquist,4,1,179,59,413,0.1428571429,2805,4750000,0
Harry Zolnierczyk,4,2,59,5,66,0.07575757576,491,600000,0
Henrik Samuelsson,1,1,3,0,4,0,40,894166,0
Henrik Sedin,10,1,774,167,1235,0.1352226721,14758,7000000,1
Henrik Zetterberg,10,1,696,259,2594,0.099845798,13979,6083333,1
Iiro Pakarinen,1,1,17,1,34,0.02941176471,172,817500,0
J.T. Brown,4,1,120,7,200,0.035,1442,950000,0
J.T. Miller,3,1,114,15,181,0.08287292818,1433,874000,0
Jack Skille,8,4,239,30,463,0.06479481641,2839,675000,0
Jacob de La Rose,1,1,33,4,38,0.1052631579,455,925000,0
Jacob Josefson,5,1,180,13,170,0.07647058824,2198,800000,0
Jaden Schwartz,4,1,207,62,428,0.1448598131,3413,2350000,0
Jakob Silfverberg,3,2,181,33,442,0.07466063348,2790,3750000,0
Jakub Voracek,7,1,531,124,1213,0.1022258862,8674,4250000,1
James Neal,7,3,480,184,1508,0.1220159151,8554,5000000,1
James Sheppard,8,3,394,23,412,0.05582524272,4972,0,0
James van Riemsdyk,6,2,406,122,1134,0.1075837743,6925,4250000,1
Jamie Benn,6,1,426,151,1204,0.1254152824,7735,5250000,1
Jamie McGinn,7,3,366,69,656,0.1051829268,4859,2950000,0
Jannik Hansen,8,1,470,77,740,0.1040540541,6823,2500000,0
Jared Boll,8,1,488,26,352,0.07386363636,3842,1700000,0
Jarome Iginla,11,4,766,339,2513,0.1348985277,15685,5333333,1
Jaromir Jagr,11,6,523,185,1626,0.1137761378,10214,3500000,1
Jarret Stoll,10,3,720,130,1449,0.08971704624,12293,800000,0
Jason Akeson,3,2,15,1,13,0.07692307692,130,575000,0
Jason Chimera,10,2,739,124,1473,0.08418194162,10669,2000000,0
Jason Pominville,10,2,751,237,2105,0.1125890736,13937,5600000,0
Jason Spezza,10,2,657,239,1798,0.1329254727,12634,7500000,1
Jason Zucker,4,1,98,29,208,0.1394230769,1332,900250,0
Jay Beagle,7,1,254,23,291,0.07903780069,2972,1750000,0
Jay McClement,10,4,764,82,941,0.087141339,11396,1200000,0
Jayson Megna,2,1,48,5,49,0.1020408163,509,600000,0
Jean-Gabriel Pageau,3,1,87,14,142,0.0985915493,1099,900000,0
Jeff Carter,10,3,718,283,2451,0.1154630763,13045,5272727,1
Jeff Skinner,5,1,336,115,1093,0.1052150046,5796,5725000,1
Jeremy Morin,5,2,82,10,141,0.07092198582,834,800000,0
Jerry D'Amigo,2,2,31,1,19,0.05263157895,265,700000,0
Jesper Fast,2,1,69,6,59,0.1016949153,809,950000,0
Jesse Joensuu,7,2,129,13,137,0.09489051095,1370,0,0
Jim Slater,10,2,584,67,762,0.08792650919,6458,0,0
Jimmy Hayes,4,3,168,36,292,0.1232876712,2154,2300000,0
Jiri Hudler,10,3,592,144,951,0.1514195584,8783,4000000,0
Jiri Sekac,1,2,69,9,85,0.1058823529,936,925000,0
Jiri Tlusty,8,4,416,87,668,0.130239521,5865,800000,0
Joakim Andersson,4,1,176,14,198,0.07070707071,2182,815000,0
Joakim Lindstrom,10,5,150,19,198,0.09595959596,1781,0,0
Joakim Nordstrom,2,2,54,1,68,0.01470588235,604,605000,0
Joe Colborne,5,2,160,19,159,0.1194968553,2330,1275000,0
Joe Pavelski,9,1,643,228,1979,0.1152097019,12000,6000000,1
Joe Thornton,11,2,776,198,1509,0.1312127237,15452,6750000,1
Joe Vitale,5,2,233,11,206,0.05339805825,2537,1116666,0
Joe Whitney,2,2,5,1,1,1,36,750000,0
Joel Armia,1,1,1,0,0,0,15,894166,0
Joel Ward,9,4,517,97,838,0.11575179,8160,3275000,0
Joey Hishon,1,1,13,1,19,0.05263157895,131,890000,0
Joffrey Lupul,10,4,580,181,1554,0.1164736165,9692,5250000,0
Johan Franzen,10,1,600,187,1604,0.1165835411,10052,3954545,0
Johan Larsson,3,2,68,6,73,0.08219178082,957,800000,0
John Mitchell,7,3,412,57,564,0.1010638298,6011,1800000,0
John Scott,7,6,274,5,102,0.04901960784,1955,575000,1
John Tavares,6,1,432,174,1343,0.129560685,8630,5500000,1
Johnny Gaudreau,2,1,81,25,168,0.1488095238,1432,925000,1
Jon Marchessault,3,2,4,1,3,0.3333333333,46,600000,0
Jonathan Drouin,1,1,70,4,76,0.05263157895,927,894166,1
Jonathan Huberdeau,3,1,196,38,389,0.09768637532,3217,3250000,1
Jonathan Toews,8,1,565,223,1487,0.1499663753,11182,10500000,1
Jordan Caron,5,3,153,12,168,0.07142857143,1627,600000,0
Jordan Eberle,5,1,356,120,854,0.1405152225,6611,6000000,1
Jordan Martinook,1,2,8,0,8,0,94,612500,0
Jordan Nolan,4,1,194,16,144,0.1111111111,1790,950000,0
Jordan Schroeder,3,1,81,9,101,0.08910891089,996,600000,0
Jordan Staal,9,2,607,151,1286,0.1174183515,11437,6000000,0
Jordan Szwarz,2,1,35,4,33,0.1212121212,346,630000,0
Jordin Tootoo,10,3,537,55,827,0.06650544135,5731,825000,0
Jori Lehtera,1,1,75,14,103,0.1359223301,1216,2750000,0
Josh Bailey,7,1,476,81,706,0.1147308782,7642,3300000,0
Josh Jooris,1,1,60,12,89,0.1348314607,870,975000,0
Josh Leivo,2,1,16,2,14,0.1428571429,138,792500,0
Jussi Jokinen,10,5,741,157,1254,0.125199362,11623,4000000,0
Justin Abdelkader,8,1,398,61,734,0.08310626703,5533,1800000,0
Justin Fontaine,2,1,137,22,183,0.1202185792,1658,1000000,0
Justin Hodgman,1,2,5,1,3,0.3333333333,57,0,0
Justin Shugg,1,1,3,0,3,0,17,600000,0
Justin Williams,10,3,660,179,1876,0.09541577825,11810,3250000,1
Kael Mouillierat,1,1,6,1,1,1,52,575000,0
Kerby Rychel,1,1,5,0,4,0,53,863333,0
Kevin Fiala,1,1,1,0,3,0,11,894166,0
Kevin Hayes,1,1,79,17,111,0.1531531532,1030,900000,0
Kris Versteeg,8,6,473,116,1016,0.1141732283,7916,2200000,0
Kyle Baun,1,1,3,0,4,0,38,858750,0
Kyle Brodziak,10,3,621,98,957,0.1024033438,9432,900000,0
Kyle Chipchura,8,3,412,27,325,0.08307692308,4432,875000,0
Kyle Clifford,5,1,356,28,404,0.06930693069,3573,1600000,0
Kyle Okposo,8,1,450,117,1144,0.1022727273,8378,2800000,1
Kyle Palmieri,5,2,198,43,395,0.1088607595,2464,1466666,0
Kyle Turris,8,2,398,93,908,0.1024229075,6588,3500000,0
Lance Bouma,5,1,199,22,221,0.09954751131,2444,2200000,0
Landon Ferraro,2,1,7,1,6,0.1666666667,72,600000,0
Lars Eller,6,2,363,60,587,0.1022146508,5248,3500000,0
Lauri Korpikoski,7,3,469,68,654,0.1039755352,6945,2500000,0
Lee Stempniak,10,9,708,165,1546,0.1067270375,11257,850000,0
Leo Komarov,3,1,104,12,135,0.08888888889,1496,2950000,1
Leon Draisaitl,1,1,37,2,49,0.04081632653,470,925000,1
Liam O'Brien,1,1,13,1,16,0.0625,98,621666,0
Linden Vey,2,2,93,10,69,0.1449275362,1206,1000000,0
Logan Couture,6,1,379,139,1187,0.1171019377,6813,6000000,1
Loui Eriksson,9,2,643,182,1344,0.1354166667,11708,4250000,1
Lucas Lessio,2,1,29,2,48,0.04166666667,367,830833,0
Luke Adam,5,3,90,15,138,0.1086956522,1070,600000,0
Luke Gazdic,2,1,107,4,56,0.07142857143,685,800000,0
Luke Glendening,2,1,138,13,158,0.08227848101,1986,628333,0
Magnus Paajarvi,5,2,228,32,403,0.0794044665,3026,700000,0
Manny Malhotra,10,5,645,81,822,0.09854014599,9484,0,0
Marc Savard,11,3,386,102,982,0.1038696538,7618,4027143,1
Marc-Andre Cliche,6,2,151,3,137,0.02189781022,1595,700000,0
Marcel Goc,10,5,636,75,995,0.07537688442,8928,0,0
Marcus Foligno,4,1,192,26,223,0.1165919283,2901,1875000,0
Marcus Johansson,5,1,345,61,477,0.1278825996,5678,3750000,0
Marcus Kruger,5,1,287,28,368,0.07608695652,4027,1500000,0
Marian Gaborik,10,4,584,278,1962,0.1416921509,11059,4875000,1
Marian Hossa,11,4,705,298,2508,0.1188197767,13892,5275000,1
Mark Arcobello,3,5,119,21,199,0.1055276382,1776,1100000,0
Mark Letestu,6,2,318,58,528,0.1098484848,4663,1800000,0
Mark Scheifele,4,1,156,29,281,0.103202847,2678,863333,0
Mark Stone,3,1,103,30,196,0.1530612245,1677,3500000,1
Marko Dano,1,1,35,8,84,0.09523809524,464,925000,0
Markus Granlund,2,1,55,10,74,0.1351351351,727,767500,0
Martin Erat,10,3,698,150,1210,0.1239669421,12093,0,0
Martin Hanzal,8,1,493,88,996,0.08835341365,8876,3100000,0
Martin Havlat,10,5,508,145,1273,0.1139041634,8945,0,0
Martin St. Louis,10,2,770,282,2138,0.131898971,16698,0,1
Mason Raymond,8,3,513,111,1144,0.09702797203,7978,3150000,0
Mathieu Perreault,6,3,290,69,424,0.1627358491,3844,3000000,0
Mats Zuccarello,5,1,222,45,435,0.1034482759,3607,4500000,1
Matt Beleskey,7,2,329,57,574,0.09930313589,4164,3800000,0
Matt Calvert,5,1,209,42,300,0.14,2979,2200000,0
Matt Cooke,10,4,667,109,908,0.1200440529,9835,0,0
Matt Cullen,11,6,699,142,1519,0.09348255431,11784,800000,0
Matt Duchene,6,1,419,126,1070,0.1177570093,7716,6000000,1
Matt Fraser,4,4,87,11,123,0.08943089431,954,650000,0
Matt Frattin,5,2,135,17,206,0.08252427184,1677,800000,0
Matt Halischuk,7,2,250,33,313,0.1054313099,2740,750000,0
Matt Hendricks,7,4,411,40,537,0.07448789572,4859,1850000,0
Matt Lindblad,2,2,4,0,3,0,40,600000,0
Matt Martin,6,1,358,32,477,0.06708595388,4175,1000000,0
Matt Moulson,8,4,474,154,1191,0.1293031066,8471,5000000,0
Matt Puempel,1,1,13,2,14,0.1428571429,104,863333,0
Matt Read,4,1,276,65,520,0.125,4920,3625000,0
Matt Stajan,10,2,704,115,906,0.1269315673,11122,3125000,0
Matthew Nieto,2,1,138,20,259,0.07722007722,2027,759166,0
Max Friberg,1,1,1,0,0,0,9,587500,0
Max Pacioretty,7,1,399,144,1264,0.1139240506,6749,4500000,1
Max Reinhart,3,2,23,1,36,0.02777777778,277,575000,0
Max Talbot,10,4,666,89,858,0.1037296037,9635,900000,0
Melker Karlsson,1,1,53,13,100,0.13,818,1650000,0
Michael Bournival,2,1,89,10,105,0.09523809524,848,600000,0
Michael Chaput,2,1,50,1,29,0.03448275862,488,650000,0
Michael Frolik,7,4,512,95,1238,0.07673667205,8010,4300000,0
Michael Grabner,6,2,317,95,773,0.1228978008,4650,3000000,0
Michael Latta,2,1,70,1,30,0.03333333333,575,575000,0
Michael Raffl,2,1,135,30,235,0.1276595745,1834,1100000,0
Michael Ryder,10,5,725,212,1706,0.1242672919,11212,0,0
Michael Sgarbossa,3,2,9,0,8,0,83,605000,0
Micheal Ferland,1,1,26,2,34,0.05882352941,274,825000,0
Micheal Haley,6,3,56,2,31,0.06451612903,433,600000,0
Miikka Salomaki,1,1,1,1,4,0.25,11,780833,0
Mika Zibanejad,4,1,200,43,405,0.1061728395,2990,2625000,0
Mikael Backlund,7,1,298,51,646,0.07894736842,4630,3575000,0
Mikael Granlund,3,1,158,18,239,0.07531380753,2664,3000000,0
Mike Angelidis,4,1,10,1,8,0.125,68,650000,0
Mike Blunden,9,4,104,4,94,0.04255319149,915,600000,0
Mike Brown,8,6,351,17,325,0.05230769231,2909,1200000,0
Mike Cammalleri,10,4,678,249,2005,0.1241895262,12387,5000000,1
Mike Fisher,10,2,698,197,1657,0.1188895594,13126,4400000,0
Mike Hoffman,4,1,108,30,266,0.1127819549,1526,2000000,1
Mike Ribeiro,11,5,750,183,1238,0.147819063,13881,3500000,0
Mike Richards,10,3,710,179,1642,0.1090133983,13039,1000000,0
Mike Sislo,2,1,24,0,33,0,246,562500,0
Mikhail Grabovski,9,4,476,116,918,0.1263616558,7825,5000000,0
Mikhail Grigorenko,3,2,68,6,86,0.06976744186,841,675000,0
Mikkel Boedker,7,1,383,67,576,0.1163194444,5925,3750000,1
Mikko Koivu,10,1,681,144,1657,0.08690404345,13305,6750000,1
Milan Lucic,8,2,566,139,952,0.1460084034,8909,3250000,1
Milan Michalek,10,3,695,199,1661,0.119807345,12276,4000000,0
Nail Yakupov,3,1,192,42,394,0.1065989848,2852,2500000,0
Nate Thompson,9,4,471,44,611,0.07201309329,6443,1600000,0
Nathan Gerbe,7,2,347,55,881,0.06242905789,5153,1750000,0
Nathan MacKinnon,2,1,146,38,433,0.08775981524,2513,925000,1
Nazem Kadri,6,1,250,64,510,0.1254901961,4183,4100000,1
Nick Bjugstad,3,1,159,41,409,0.1002444988,2594,4100000,1
Nick Bonino,6,3,264,48,445,0.1078651685,3955,1900000,0
Nick Cousins,1,1,11,0,6,0,97,842500,0
Nick Foligno,8,2,545,116,936,0.1239316239,8227,5500000,0
Nick Shore,1,1,34,1,33,0.0303030303,377,600000,0
Nick Spaling,6,4,379,49,440,0.1113636364,5683,2200000,0
Nicklas Backstrom,8,1,577,145,1277,0.1135473767,11522,6700000,1
Nicklas Jensen,3,1,24,3,37,0.08108108108,342,863333,0
Nicolas Deslauriers,2,1,99,6,106,0.05660377358,1196,637500,0
Nikita Kucherov,2,1,134,38,293,0.1296928328,1908,711666,1
Nino Niederreiter,5,2,225,40,378,0.1058201058,2984,2666666,1
Olli Jokinen,10,9,754,224,2312,0.09688581315,13844,0,0
Ondrej Palat,3,1,170,41,320,0.128125,2932,3333333,0
Oscar Lindberg,1,1,1,0,2,0,8,650000,0
P.A. Parenteau,9,5,347,81,685,0.1182481752,6014,1500000,0
Pascal Dupuis,10,4,634,141,1418,0.09943582511,10102,3750000,0
Patric Hornqvist,7,2,427,131,1379,0.09499637418,6781,4250000,0
Patrice Bergeron,10,1,669,190,1901,0.09994739611,12638,6875000,1
Patrice Cormier,5,2,50,1,43,0.02325581395,367,650000,0
Patrick Bordeleau,3,1,129,8,61,0.131147541,858,1000000,0
Patrick Brown,1,1,7,0,4,0,62,652500,0
Patrick Dwyer,7,1,416,42,617,0.0680713128,5680,0,0
Patrick Eaves,10,5,491,88,864,0.1018518519,6049,1150000,0
Patrick Kaleta,9,1,348,27,324,0.08333333333,3444,0,0
Patrick Kane,8,1,576,205,1726,0.1187717265,11144,10500000,1
Patrick Marleau,11,1,771,303,2348,0.1290459966,15437,6666666,1
Patrick Maroon,4,1,148,22,235,0.09361702128,1929,1500000,0
Patrick Sharp,10,2,701,244,2144,0.1138059701,12564,5900000,1
Patrik Berglund,7,1,513,118,998,0.1182364729,8134,3700000,0
Patrik Elias,11,1,666,199,1780,0.1117977528,12317,5500000,1
Paul Byron,5,2,138,17,127,0.1338582677,1859,900000,0
Paul Carey,2,2,22,0,11,0,156,575000,0
Paul Gaustad,10,2,663,87,912,0.09539473684,9648,3250000,0
Paul Stastny,9,2,612,176,1391,0.1265276779,11902,7000000,1
Pavel Datsyuk,10,1,678,245,1766,0.1387315968,13369,7500000,1
Peter Holland,4,2,130,21,163,0.1288343558,1662,775000,0
Peter Regin,7,3,243,23,353,0.06515580737,3002,0,0
Petr Straka,1,1,3,0,2,0,28,925000,0
Phil Kessel,9,3,668,247,2278,0.108428446,12203,6800000,1
Philip Varone,2,1,37,4,43,0.09302325581,479,600000,0
Phillip Danault,1,1,2,0,2,0,19,863333,0
Pierre-Edouard Bellemare,1,1,81,6,113,0.05309734513,1039,712500,0
R.J. Umberger,10,2,740,178,1648,0.1080097087,12564,4600000,0
Radim Vrbata,10,4,663,200,2061,0.09704027171,11278,5000000,1
Reid Boucher,2,1,34,3,47,0.06382978723,384,692500,0
Reilly Smith,4,3,203,36,325,0.1107692308,2882,3425000,0
Rene Bourque,10,5,611,148,1371,0.1079504012,9857,3333333,0
Rich Clune,6,2,120,7,82,0.08536585366,1041,575000,0
Richard Panik,3,2,151,19,177,0.1073446328,1803,975000,0
Rick Nash,10,2,708,320,2593,0.1234091786,13655,7800000,1
Rickard Rakell,3,1,93,9,130,0.06923076923,1140,894166,0
Riley Nash,4,1,178,22,218,0.1009174312,2497,1150000,0
Riley Sheahan,4,1,123,22,186,0.1182795699,1856,950000,0
Rob Klinkhammer,5,5,179,21,228,0.09210526316,2045,725000,0
Rocco Grimaldi,1,1,7,1,18,0.05555555556,88,925000,0
Ronalds Kenins,1,1,30,4,38,0.1052631579,368,600000,0
Ryan Bourque,1,1,1,0,1,0,12,562500,0
Ryan Callahan,9,2,547,162,1485,0.1090909091,10005,5800000,1
Ryan Carter,8,5,413,34,426,0.07981220657,4344,625000,0
Ryan Craig,10,3,198,32,301,0.1063122924,2632,0,0
Ryan Garbutt,4,2,198,30,395,0.07594936709,2412,900000,0
Ryan Getzlaf,10,1,710,208,1676,0.1241050119,13837,8250000,1
Ryan Hamilton,4,2,30,1,19,0.05263157895,366,600000,0
Ryan Hartman,1,1,5,0,8,0,41,863333,0
Ryan Johansen,4,1,271,73,622,0.1173633441,4542,4000000,1
Ryan Kesler,10,2,708,200,1739,0.1150086256,13481,5000000,1
Ryan Malone,10,3,566,157,1164,0.1348797251,9618,0,0
Ryan Nugent-Hopkins,4,1,258,65,579,0.1122625216,5048,6000000,1
Ryan O'Reilly,6,2,427,90,881,0.1021566402,7868,6000000,1
Ryan Reaves,5,1,275,17,152,0.1118421053,2130,1125000,0
Ryan Spooner,3,1,56,8,119,0.06722689076,753,950000,0
Ryan Strome,2,1,118,24,268,0.08955223881,1809,863333,0
Ryan White,6,2,175,11,159,0.06918238994,1857,800000,0
Ryane Clowe,10,3,491,112,1020,0.1098039216,8091,4850000,0
Sam Bennett,1,1,1,0,1,0,16,925000,1
Sam Carrick,1,1,16,1,17,0.05882352941,104,600000,0
Sam Gagner,8,3,562,116,1187,0.09772535805,9677,3200000,0
Sam Reinhart,1,1,9,0,3,0,93,894166,0
Scott Gomez,10,8,651,110,1585,0.06940063091,11803,575000,1
Scott Hartnell,10,4,739,232,1812,0.1280353201,12313,4750000,1
Scott Laughton,3,1,36,2,61,0.03278688525,452,863333,0
Scott Wilson,1,1,1,0,0,0,4,655000,0
Scottie Upshall,10,6,538,114,1150,0.09913043478,7459,700000,0
Sean Bergenheim,10,4,488,95,1168,0.08133561644,6871,0,0
Sean Collins,3,1,40,2,31,0.06451612903,493,575000,0
Sean Couturier,4,1,287,45,504,0.08928571429,4893,1750000,0
Sean Monahan,2,1,156,53,331,0.1601208459,2787,925000,1
Seth Griffith,1,1,30,6,33,0.1818181818,403,759166,0
Shane Doan,11,1,746,226,2102,0.1075166508,14556,5300000,1
Shane Prince,1,1,2,0,2,0,21,700000,0
Shawn Horcoff,10,3,681,136,1143,0.1189851269,12593,1750000,0
Shawn Matthias,8,3,408,69,671,0.1028315946,5242,2300000,0
Shawn Thornton,10,4,584,37,862,0.04292343387,5278,1200000,0
Sidney Crosby,10,1,627,302,2093,0.1442904921,13204,8700000,1
Stanislav Galiev,1,1,2,1,2,0.5,19,575000,0
Stefan Matteau,3,1,24,2,30,0.06666666667,239,612500,0
Stefan Noesen,1,1,1,0,0,0,7,863333,0
Stephane Veilleux,10,3,449,45,598,0.07525083612,5782,0,0
Stephen Gionta,5,1,188,14,246,0.05691056911,2370,850000,0
Steve Bernier,10,6,609,104,961,0.1082206035,8118,750000,0
Steve Downie,8,5,408,73,584,0.125,5531,1750000,0
Steve Ott,10,3,675,101,950,0.1063157895,10591,2600000,0
Steven Stamkos,7,1,492,276,1602,0.1722846442,9721,7500000,1
Sven Andrighetto,1,1,12,2,12,0.1666666667,113,633333,0
Sven Baertschi,4,2,69,10,83,0.1204819277,865,900000,0
T.J. Oshie,7,2,443,110,929,0.1184068891,8268,4175000,1
Tanner Glass,8,5,443,19,342,0.05555555556,4551,1450000,0
Tanner Pearson,2,1,67,15,99,0.1515151515,828,1400000,1
Taylor Beck,3,1,85,11,126,0.0873015873,1088,875000,0
Taylor Hall,5,1,299,106,955,0.1109947644,5653,6000000,1
Teddy Purcell,8,3,483,87,924,0.09415584416,7427,4500000,0
Teemu Pulkkinen,2,1,34,5,71,0.07042253521,378,735000,0
Teuvo Teravainen,2,1,37,4,70,0.05714285714,477,894166,0
Thomas Vanek,10,4,743,298,2054,0.1450827653,12610,6500000,1
Tim Jackman,10,5,462,31,570,0.05438596491,4187,700000,0
Tim Schaller,1,1,18,1,19,0.05263157895,204,874125,0
Tim Sestito,7,2,101,0,63,0,996,0,0
Tobias Rieder,1,2,72,13,189,0.06878306878,1217,853333,0
Tom Sestito,8,4,137,10,57,0.1754385965,914,575000,0
Tom Wilson,2,1,149,7,142,0.04929577465,1384,894166,0
Tomas Fleischmann,10,5,581,123,1177,0.1045029737,9127,750000,0
Tomas Hertl,2,1,119,28,243,0.1152263374,1760,925000,1
Tomas Jurco,2,1,99,11,169,0.0650887574,1210,900000,0
Tomas Kopecky,10,3,578,68,934,0.07280513919,7521,0,0
Tomas Plekanec,10,1,759,202,1880,0.1074468085,13979,5000000,0
Tomas Tatar,5,1,182,53,407,0.1302211302,2669,2750000,0
Tomas Vincour,5,2,95,7,105,0.06666666667,912,0,0
Tommy Wingels,5,1,232,39,462,0.08441558442,3554,2475000,0
Torrey Mitchell,8,3,457,42,535,0.0785046729,5764,1200000,0
Travis Moen,10,4,642,55,724,0.07596685083,8789,1850000,0
Travis Morin,5,1,13,0,16,0,141,575000,0
Travis Zajac,9,1,625,127,1241,0.1023368251,11699,5750000,0
Trevor Lewis,7,1,349,27,568,0.04753521127,4624,1525000,0
Troy Bodie,7,3,159,9,158,0.05696202532,1359,0,0
Troy Brouwer,9,3,531,132,921,0.1433224756,8896,3666666,0
Tuomo Ruutu,10,3,620,125,1070,0.1168224299,9777,3800000,0
Ty Rattie,2,1,13,0,12,0,122,772500,0
Tye McGinn,3,4,87,9,109,0.08256880734,945,625000,0
Tyler Bozak,6,1,378,95,585,0.1623931624,7387,4200000,0
Tyler Ennis,6,1,345,89,818,0.108801956,6053,4600000,0
Tyler Gaudet,1,1,2,0,1,0,19,925000,0
Tyler Graovac,1,1,3,0,4,0,28,747500,0
Tyler Johnson,3,1,173,56,395,0.1417721519,3050,3333333,1
Tyler Kennedy,8,4,477,86,1201,0.07160699417,6273,600000,0
Tyler Pitlick,2,1,27,3,27,0.1111111111,302,761250,0
Tyler Seguin,5,2,354,130,1108,0.1173285199,6029,5750000,1
Tyler Toffoli,3,1,148,37,344,0.1075581395,2031,3250000,1
Valeri Nichushkin,2,1,87,14,134,0.1044776119,1293,925000,0
Valtteri Filppula,10,2,640,137,1001,0.1368631369,10918,5000000,1
Vernon Fiddler,10,3,700,86,983,0.08748728383,9716,1250000,0
Victor Rask,1,1,80,11,172,0.06395348837,1307,680833,0
Viktor Arvidsson,1,1,6,0,9,0,62,631666,0
Viktor Stalberg,6,4,338,62,721,0.08599167822,4362,1100000,0
Viktor Tikhonov,8,2,61,8,71,0.1126760563,740,1040000,0
Vincent Lecavalier,11,3,696,265,2265,0.1169977925,13383,2250000,1
Vincent Trocheck,2,1,70,12,127,0.09448818898,1078,661666,0
Vladimir Tarasenko,3,1,179,66,475,0.1389473684,2838,7500000,1
Vladislav Namestnikov,2,1,47,9,50,0.18,554,874125,0
Wayne Simmonds,7,2,524,139,1075,0.1293023256,7985,3975000,0
William Karlsson,1,2,21,3,29,0.1034482759,257,830833,0
Zac Dalpe,5,4,117,10,135,0.07407407407,982,600000,0
Zac Rinaldo,4,2,223,8,168,0.04761904762,1795,850000,0
Zach Boychuk,7,3,127,12,155,0.07741935484,1348,600000,0
Zach Parise,10,2,691,274,2385,0.114884696,12906,7538461,1
Zach Sill,2,3,83,1,57,0.01754385965,744,575000,0
Zack Kassian,4,3,198,35,249,0.140562249,2497,1750000,0
Zack Smith,7,1,319,39,509,0.07662082515,4422,1887500,0
Zemgus Girgensons,2,1,131,23,230,0.1,2236,894166,0